{
  "XGBoost_Tuned": {
    "n_estimators": 329,
    "max_depth": 3,
    "learning_rate": 0.12237019736059938,
    "subsample": 0.8966295090921474,
    "colsample_bytree": 0.9866594087045122,
    "min_child_weight": 2,
    "gamma": 0.060027996167205465,
    "reg_alpha": 0.21383617047753,
    "reg_lambda": 0.8686239244771431,
    "random_state": 42,
    "verbosity": 0,
    "n_jobs": -1
  },
  "LightGBM_Tuned": {
    "n_estimators": 239,
    "max_depth": 3,
    "learning_rate": 0.14979921857431944,
    "subsample": 0.9096154659817228,
    "colsample_bytree": 0.7727563682680394,
    "min_child_samples": 7,
    "reg_alpha": 0.6005575902327128,
    "reg_lambda": 1.090781828900004,
    "num_leaves": 54,
    "random_state": 42,
    "verbose": -1,
    "n_jobs": -1
  }
}